filename,label,text
samples\education\edu1.jpg,education,"SUIL PELAJARAN MALAYSIA TAHUN 2024  NAMA : MARIAM ANISAH BINTI ABDULLAH NO.PENGENALAN DIRI : 070407140202 ANGKA GILIRAN  SEKOLAH : SMK (P) SULTAN IBRAHIM JUMLAH MATA PELAJARAN : LAPAN  KOD  1103 19 1223, 1249 1449 3756 3755 1511  NAMA MATA PELAJARAN  BAHASA MELAYU BAHASA INGGERIS PENDIDIKAN ISLAM SEJARAH  MATEMATIK  PRINSIP PERAKAUNAN PERNIAGAAN  SAINS  LAYAK MENDAPAT SUIL  UJIAN LISAN BAHASA MELAYU: CEMERLANG  ‘TAHAP KESELURUHAN CEFR BAHASA INGGERIS: CL  GRED  At At AS Ae Ae AY At AY  CEMERLANG TERTINGGI CEMERLANG TERTINGGI CEMERLANG TERTINGGI CEMERLANG TERTINGGI CEMERLANG TERTINGGI CEMERLANG TERTINGGI CEMERLANG TERTINGGI (CEMERLANG TERTINGGI  ‘Sip kepunasan in bukansj/pernyataan. Lembaga Peperikssan berhak mma buti-butskenyataan dalam keputsan int sebelum sijlipernyatan sebenareikeluarkan. Kepotusan muktamad adalah seperti yang ercatt dalam sil peryataan,"
samples\education\edu2.jpg,education,"KEMENTERIAN PENDIDIKAN MALAYSIA MINISTRY OF EDUCATION MALAYSIA  LEMBAGA PEPERIKSAAN EXAMINATIONS SYNDICATE  Calon yang tersebut namanya di bawah telah mengambil Peperiksaan Sijil Pelajaran Malaysia dan dianugerahkan  SIJIL PELAJARAN MALAYSIA  Calon ini telah mencapai kelulusan seperti yang tercatat di bawah bagi mata pelajaran berkenaan,  SITI AISYAH BT MAT ZAIN  98103 1-03-6198  DB303C031  MAAHAD MUHAMMADI PASIR PEKAN  Mata Pelajaran Gred  Subject Grade BAHASA MELAYU B+ (KEPUJIAN TERTINGGI) BAHASA INGGERIS A- (CEMERLANG) SEJARAH A- (CEMERLANG) MATHEMATICS A+ (CEMERLANG TERTINGGI) SCIENCE A (CEMERLANG TINGGI) BAHASA ARAB A- (CEMERLANG) ADDITIONAL MATHEMATICS C (KEPUJIAN) PRINSIP PERAKAUNAN A (CEMERLANG TINGGI) PENDIDIKAN AL-QURAN DAN AL-SUNNAH A (CEMERLANG TINGGI) PENDIDIKAN SYARI'AH ISLAMIAH B+ (KEPUJIAN TERTINGGI) EKONOMI ASAS B (KEPUJIAN TINGGI) JUMLAH MATA PELAJARAN SEBELAS peisrel Vipsitiecs PEPERIKSAAN TAHUN 2015 Director of Examinations ISHS Kementerian Pendidikan Malaysia  A 03436354 3 Ministry of Education Malaysia"
samples\education\edu3.jpg,education,"KEMENTERIAN PENDIDIKAN MALAYSIA MINISTRY OF EDUCATION MALAYSIA KEMENTERIAN  BAHAGIAN MATRIKULASI PENDIDIKAN MATRICULATION DIVISION MALAYSIA  ARAS 6 & 7, BLOK E15, KOMPLEKS KERAJAAN PARCEL E ‘idle pees PUSAT PENTADBIRAN KERAJAAN PERSEKUTUAN Fale (on eens age 62604 PUTRAJAYA : 03 - 8888 6864 MALAYSIA  Laman Web : hito://www.moe.gov.my/v/bm  TRANSKRIP AKADEMIK / ACADEMIC TRANSCRIPT  NAMA / NAME : SITI AISYAH BINTI ABDUL MANAP NO. KP / IC NO : 961002086358 ALAMAT/ ADDRESS : NO 50, TELOK PIAL BAROH 34350 KUALA KURAU PERAK NO. MATRIK / MATRIC NO. : MS1424548459 JANTINA / SEX : PEREMPUAN / 34350 KUALA KURAU FEMALE PERAK SESI / SESSION : 2014/2015 KURSUS / COURSE: SAINS PST MODUL III / SCIENCE PST MODULE III KOLEJ/COLLEGE — : KOLE] MATRIKULASI KELANTAN KOD/ SUBJEK/ JAM KREDIT/ GRED/ CODE SUBJECT CREDIT HOURS GRADE SEMESTER I SB016 BIOLOGI 6 A BIOLOGY SK016 KIMIA 6 B CHEMISTRY QS015 MATEMATIK 5 C+ MATHEMATICS SCOI5 SAINS KOMPUTER 5 B+ COMPUTER SCIENCE WBO13 BAHASA INGGERIS 3 e ENGLISH WD011 KEMAHIRAN DINAMIKA 1 B DYNAMIC SKILLS WUO11 PENDIDIKAN ISLAM i A ISLAMIC STUDIES JUMLAH JAM KREDIT / TOTAL CREDIT HOUR : 22 PNG/GPA_ : 3.20 SEMESTER II SB026 BIOLOGI 6 A BIOLOGY SK026 KIMIA 6 A- CHEMISTRY QS025 MATEMATIK SAINS 5 B- MATHEMATICS S025 SAINS KOMPUTER 5 B COMPUTER SCIENCE WBO023 BAHASA INGGERIS 3 C ENGLISH LANGUAGE KS021 SUKAN & PERMAINAN 1 A SPORTS | JUMLAH JAM KREDIT/ TOTAL CREDIT HOUR : 22 PNG/ GPA: 3.29  PURATA GRED BAGI MATA PELAJARAN TERAS DAN BAHASA INGGERIS AVERAGE GRADE FOR CORE SUBJECTS AND ENGLISH LANGUAGE  MATEMATIK SAINS : B- BIOLOGI vA MATHEMATICS BIOLOGY  SAINS KOMPUTER VB KIMIA > A- COMPUTER SCIENCE CHEMISTRY  BAHASA INGGERIS LAG  ENGLISH LANGUAGE  PNGK /CGPA : 3.24  STATUS : LULUS DAN TAMAT PROGRAM MATRIKULASI /  PASS AND COMPLETED MATRICULATION PROGRAMME  PENGARAH / DIRECTOR 10 JUN 2015  C023852"
samples\education\edu4.jpg,education,"BAHAGIAN URUS TADBIR AKADEMIK Pejabat Timbalan Naib Canselor (Akademik dan Antarabangsa) IM Universiti Putra Malaysia, 43400 UPM Serdang, Selangor Darul Ehsan. UNIVERSTI PUTRAMALAYSIA Tel: 603-8946 6054 / 8946 6250 Faks: 603-8942 6469 http://www.akademik.upm.edu.my  KEPUTUSAN PEPERIKSAAN SEMESTER PERTAMA SESI 2017/2018  NO. MATRIK 2191677 NO. KAD PENGENALAN _ : 961021105526 NAMA : NURAINI BINT| KAMARULZAMAN ALAMAT : BLOCK F-1-8 JALAN RENGAS  KEM BATALION 4 PGA 43500 SEMENYIH  SELANGOR PROGRAM : BACELOR SAINS PERTANIAN MAJOR : MINOR KLASIFIKASI  PENASIHAT AKADEMIK : DR. MOHD HAKIMAN BIN AWANG @ MANSOR BIASISWA/PINJAMAN _ : PERSENDIRIAN  PINDAH RED/ MATA uel WOE) krepit KREDIT PS. NILAIAN  AGR3101 BOTANI PERTANIAN 3 B- 2.750  AGR3501 TANAMAN PERLADANGAN 2 Bt 3.500  BBI2422 MEMBACA UNTUK TUJUAN AKADEMIK 3 B 3.000  EPT3102 EKONOMI PERTANIAN 3 Bt 3.500  KOM3403 PENGUCAPAN AWAM 3 Bt 3.500  SST3005 SAINS TANAH ASAS 3 A 4.000  JUMLAH MATA NILAIAN KESELURUHAN —: 57.250 JUMLAH KREDIT PENGECUALIAN — : 23  JUMLAH JAM KREDIT KESELURUHAN 17 JUMLAH PEMINDAHAN KREDIT  PURATA NILAIAN GRED (PNG) : 3.367 TARIKH DIUMUMKAN __: 08 FEBRUARI 2018  PURATA NILAIAN GRED KESELURUHAN —: 3.367 CATATAN : BAIK  (PNGK)  "" Cetakan Komputer ini Tidak Memerlukan Tandatangan """
samples\education\edu5.jpg,education,LUNIVERSITI UTARA MALAYSIA ‘Academic Affairs Department  EXAMINATION RESULT FOR FIRST SEMESTER SESSION 2021/2022 (A211)  Matric Number 273678 Date o3yo4y2022 Name /AMIRUL LUQMAN BIN ABDUL HISHAM IC Number/Passport Number  Address ‘Number of Semester 5  Programme BScIT. (Hons) 43900 SEPANG SELANGOR cod Course credit Status sTn3044 ROUTING PROTOCOLS AND CONCEPTS 4 sTiw2044 MOBILE PROGRAMMING 4 sTiw3o4s WEB ENGINEERING 4 sTpa913 PROJECT 1 z 57951023 STATISTICS FOR INFORMATION TECHNOLOGY 3 vsPc2041 cou v 1 RESULTS SUBJECT TO CONFIRMATION BY THE SENATE Total Credit This Semester : 19 Total Credit All Semesters: 103 GPA 3a1 capa 379  Result ass
samples\education\edu6.jpg,education,"UNIVERSITY OF MALAYA  Name : AMIR FIRDAUS BIN EDDY ROSYADIE Registration No :  IC/Passport No 4  Programme : BACHELOR OF MECHANICAL ENGINEERING  Examination Result For Semester I , Session 2016/2017  No Course Code Description Credit Grade Grade Point 1 GIG1001 THE ISLAMIC AND ASIAN CILIVISATION 2 A 8  2  GIG1002 ETHNIC RELATIONS 2 A+ 8  3 GIG1005 SOCIAL ENGAGEMENT 2 At 8  4 ~ kIG1001 STATICS 3 At 12  5 KIG1002 FLUID MECHANICS | 3 A 12  6 KIG1003 MECHANICAL ENGINEERING LABORATORY | & COMMUNICATION = 1 A 4  7 KIX1001 | ENGINEERING MATHEMATICS 1 3 A+ 12 Result : PASS WITH DISTINCTION  GPA : 4  CGPA : 4  Class : NOT APPLICABLE  Note * Please ensure that the above-written name is correct. Please inform the Admissions & Records Section  should there be any amendment to your name.  This information is computer generated. No signature required.  Head  Examination Section Academic Division University of Malaya for Registrar"
samples\education\edu7.jpg,education,"UNIVERSITI TEKNOLOGI MALAYSIA 81310 UTM Skudai, Johor Darul Ta’zim, Malaysia Telephone : +607-5530351  www.utm.my Saas = Official Transcript IC/PASSPORT NO. : 880720045345 COURSE : DIPLOMA IN MECHANICAL ENGINEERING (AERONAUTICS) CODE SUBJECT CREDIT HOURS GRADE STATUS  SESSION 2008/2009 SEMESTER I  DDJ3603 MATERIALS SCIENCE 3 B DDJ3932 ENGINEERING LAB II 2 A DDT3113 AIRCRAFT STRUCTURE 3 B DDT3222 FLIGHT MECHANICS 2 B- DDT3313 AERODYNAMICS 3 At+ DDT3512 INDUSTRIAL DESIGN P A UDI3052 ISLAMIC EDUCATION (TASAWWUR) 2 A  GPA : 3.49 CGPA : 3.69  CREDIT EARNED ee  CUMULATIVE CREDIT HOURS: 81 SESSION 2008/2009 SEMESTER II DDJ3013 ELECTRONICS 3 A DDJ3703 MANUFACTURING PROCESSES 3 C- DDT3333 AIRCRAFT SYSTEMS 3 A DDT3523 AIRCRAFT DESIGN 3 A DDT3622 AIRCRAFT ENGINEERING AND FLIGHT PRACTICE 2 B+ DDT3822 AVIATION LAW AND MANAGEMENT 2 B-  GPA-: 3:31 CGPA : 3.63  CREDIT EARNED 216  CUMULATIVE CREDIT HOURS: 97  CREDIT TRANSFERRED : -  Study Abroad/Cross Campus : - OTHER LEARNING AND ACTIVITY : Activity : -  Industrial Training : -  Degree++ Programme :  OTHER AWARDS : Dean's Award  NO ALTERATION OR ADDITION IS HEREBY AUTHORIZED. THIS TRANSCRIPT WAS ISSUED BY THE REGISTRAR'S OFFICE  fraperabtrrnnn  FOR REGISTRAR'S OFFICE (ACADEMIC MANAGEMENT DIVISION) DATE : 15-8-2009  » This transcript is valid when it bears the signature of the Deputy Registrar (Academic Management Division) and the embossed seal of Universiti Teknologi Malaysia.  » See reverse for explanation of transcript guide.  » Palcese of this information to a third party requires written consent from the student.  210936"
samples\education\edu8.jpg,education,"Universin Kenancsaan Mavarsia The Notional University of Malaysia  KEPUTUSAN PEPERIKSAAN SEMESTER 2 SESi 2020/2021  ena npate png ent  LONG MUHAMMAD HAZIQ BIN LONG HASSAN  TERENGGANU  NO. PENDAFTARAN TARIKH oaogr2021  FAKULT KEJURUTERAAN & ALAM BINA, NO. KP  USAT PENGAJIAN : PEJABAT DEKAN FKAB SEM/SESIMULA  : 1/ 20202021  TAHUN PENGAJIAN 31 BIDANG KEJURUTERAAN ELEKTRIK & ELEKTRONIK  KOO KURSUS NAMA KURSUS ‘RED cor TARAF  KKKLII23——TEORILITAR —— a 1200 3 wo  KKKLIM41 —MAKMAL ELEKTRIK DAN ELEKTRONIK | nN 400 1 ws  KKKLII63 BAHASA PENGATURCARAAN. a 1200 a wo  KKKQ122).——-MATEMATIK KEJURUTERAAN I (ALJABAR LINEAR) nN 1200 3 wr  (WCS3572 SAS CATUR. ry $00 2 ce  WMCW1022 —_ASAS KEUSAHAWANAN DAN INOVAS! = > i » 14 2 ow  l KREDITAMBL WED LULUS KREDI WORA—-MLAVGRED—_UMITOK Pwo  | SEMESTER INL “ “ “ 55.4 ° 395 KUMULATIF Ey ” By wait ° sot  KEPUTUSAN _LULUS, TERUS PENGAJIAN “MUET: YA TAMAP MUET : 3"
samples\employment\employment1.jpg,employment,
samples\employment\employment2.jpg,employment,"Skills  Attention to Detail Basic Computer Skills Team Collaboration Organizational Skills  Introductory Sales Techniques  Basic Communication Skills  Customer Service  Languages  French  Dutch  Profile  Ambitious Sales Assistant with foundational experience in customer service and retail environments. Skilled in recommending products and maintaining organizational standards, while collaborating effectively with team members. Adept at utilizing basic computer skills and eager to expand knowledge in sales techniques and communication. Committed to delivering exceptional service and contributing positively to team objectives.  Employment History  Entry Level Sales Assistant, Big Apple Bookstore September 2015 — June 2018  + Welcomed customers and supported them in locating books  + Learned to offer book recommendations based on customer interests + Followed guidance from supervisors to complete tasks accurately  + Assisted in organizing books and maintaining store policies  Education  Bachelor of Communications, New York University, New York August 2016 — August 2021  « Working towards a Communications Degree. High School Diploma, Regis High School, New York September 2012 — May 2016  + Graduated with High Honors"
samples\employment\employment3.jpg,employment,"Contact  Address New York, USA  Phone +1.2345 6789  Email max johnson@email.com  Skills  Figma ‘Adobe XD Sketch InVision Photoshop  Languages  © English © French  © Russian  Hobbies  © Photography * Football © Cooking  MAX JOHNSON  UX Designer  Profile  Experienced UX Designer specializing in user research, interaction design, and prototyping. Committed to crafting intuitive and visually compelling digital experiences that captivate users. A problem-solver who combines creativity with data-driven insights to drive innovation,  Work Experience  Senior UX Designer [ABC Tech Solutions ~ New York Jan 2020-Dec 2022  © Led UX team for mobile banking app, boosting user engagement by 30% in six months.  © Conducted in-depth user research, reducing e-commerce cart abandonment by 25% through redesign.  UX Designer XYZ Design Agency ~ Texas Jan 2018— Dec 2019  * Collaborated with diverse clients to align designs with business objectives, achieving a 15% boost in healthcare app User satisfaction.  ‘© Conducted impactful user tests on a financial site, pinpointing pain points and driving a 20% surge in conversion rates.  Education Master of Science in HCI New York University ~ New York Jan 2016~Dec 2018  Bachelor of Science in UX Design University of Washington - Washington Jan 2011-Dec 2015,"
samples\employment\employment4.jpg,employment,"LIZ SHELBY  Computer Science Student \ #1-234-423-8975 9 Little Rock, AK  @ help@enhancv.com  SUMMARY  Resourceful Software Intern with 2 years of experience in the IT sector. Skilled in Java, Python and HTML. Adept at computer systems and web services. Looking for an internship that will help me become a skillful professional.  EDUCATION  High School Diploma GPA Excel High School 4.0 / 4.0 # 09/2014 - 06/2019 Boston, MA  Bachelor of Computer Science PA Northeastern University 4/4  Performed software development and testing of 10 project websites Learned how to operate with databases and performed data modeling Worked with a team of 5 colleagues to deliver an innovative e- commerce application  « Took additional courses on the development of Al programs and blockchain technology  « Learned how to install, modify and make minor repairs on personal and  business computers  Built 4 professional websites  Excelled in mathematics, intelligent systems and algorithms and  complexity  « Learned how to perform troubleshooting and fix bugs  & 09/2019 - 07/2022 Boston, MA  TECHNICAL SKILLS  Python Java JavaScript HTML css  Visualforce Windows Web Services  Computer Systems AWS C++ Troubleshooting  VOLUNTEER  Educator and Social Worker EduTech @ 01/2018 - 01/2019 Boston, MA  « Educated 100+ street children in computer systems and how to work with OS  « Social worker in the streets of Boston, MA  * Coordinated 30+ volunteers  www.enhancv.com  @ https://www.github.com/betty-pen/  EXPERIENCE  Software Intern  Salesforce  &% 06/2021- 12/2021 9 Little Rock, AK  Salesforce is an American cloud-based software  company headquartered in San Francisco,  California.  « Contributed to the development of 1 project of web development  « Resolved 20 assigned job requests and incident tickets  « Assisted in handling 11 execution proceedings  « Assisted in product development from conception to end-user stage with a success rate of over 95%  IT Intern  Microsoft  11/2020 - 04/2021 9 Boston, MA  Microsoft is one of the biggest tech companies  in the world.  « Personally provided tier 1 technical support to clients for their computer and software issues  « Participated in performing a web database  testing of measurements for over 2M+ clients  to enhance the management of customer  data  Installed Windows and hardware systems  components for 1000+ college staff and  students  « Operated a help desk that supports 2000+ remote associates  STRENGTHS  & Curiosity Never done reading about technology and innovations in Al, Blockchain and Cloud Computing.  Fo Critical Thinking  Actively and skillfully evaluate and apply new ideas in my daily and professional tasks.  REFERENCES  Sara Fenton, HR at Salesforce +1-566-798-1004  Jo Ben, Sr Java Developer at Microsoft +1-776-012-2975  Powered by (CX? Enhancu"
samples\employment\employment5.jpg,employment,"SEBASTIAN BENNETT  Professional Accountant  & +123-456-7890 hello@reallygreatsite.com 9 123 Anywhere St., Any City  ABOUT ME  Lorem ipsum dolor sit amet, consectetur adipiscing elit, sed do eiusmod tempor incididunt ut labore et dolore magna aliqua. Ut enim ad minim veniam, quis nostrud exercitation ullamco laboris nisi ut aliquip ex ea commodo consequat. Duis aute irure dolor in reprehenderit in voluptate velit esse cillum dolore eu fugiat nulla pariatur.  EDUCATION  Borcelle University | 2026-2030  Senior Accountant  Lorem ipsum dolor sit amet, consectetur adipiscing elit, sed do eiusmod tempor incididunt ut labore et dolore magna aliqua. Ut enim ad minim veniam, quis nostrud exercitation ullamco laboris nisi ut aliquip ex ea commodo consequat.  Borcelle University | 2023-2026  Senior Accountant  Lorem ipsum dolor sit amet, consectetur adipiscing elit, sed do eiusmod tempor incididunt ut labore et dolore magna aliqua. Ut enim ad minim veniam, quis nostrud exercitation ullamco laboris nisi ut aliquip ex ea commodo consequat.  WORK EXPERIENCE  Salford & Co. | 2033 - 2035  Senior Accountant  Lorem ipsum dolor sit amet, consectetur adipiscing elit, sed do eiusmod tempor incididunt ut labore et dolore magna aliqua. Ut enim ad minim veniam, quis nostrud exercitation ullamco laboris nisi ut aliquip ex ea commodo consequat.  Salford & Co. | 2030 - 2033  Financial Accountant  Lorem ipsum dolor sit amet, consectetur adipiscing elit, sed do eiusmod tempor incididunt ut labore et dolore magna aliqua. Ut enim ad minim veniam, quis nostrud exercitation ullamco laboris nisi ut aliquip ex ea commodo consequat.  SKILLS + Auditing « Auditing * Financial Reporting * Financial Accounting * Financial Accounting"
samples\employment\employment6.jpg,employment,"[If applicable, generally not required]  CONTACT  4 [Email Address]  © [Phone Number]  Q [Your Address]  ff} [Linkedin Profile]  EDUCATION  [Degree Name] - [Specialization]  [University/College Name], [City] | [Month Year — Month Year]  * CGPA: [Your CGPA] /10  + Key Courses: [Course 1], [Course 2],  [Course 3]  SKILLS  Technical Skills: + MS Excel, SQL, Python, PowerPoint, Canva  Soft Skills: * Communication, Teamwork, Problem-Solving, Time Management  LANGUAGES  * English (Fluent), Hindi (Native), [Other Languages if any]  [Your Full Name] DESIGNATION  CAREER OBJECTIVE  Motivated and detail-oriented [Your Degree/Stream] graduate, eager to begin a professional journey in [Job Role/Industry]. Possess strong analytical skills, quick learning ability, and a keen interest in contributing to business growth while developing professionally.  INTERNSHIP EXPERIENCE (if applicable)  Intern — [Company Name] [Month Year — Month Year]  + Worked on [brief task/project]. « Assisted in [activity], leading to [impact]. + Learned and applied [tools/skills].  ACADEMIC PROJECTS  [Project Title]  [Month Year]  * Objective: [1-line summary of what it aimed to solve or achieve]. * Role: [Your contribution].  * Tools/Tech Used: [e.g., Excel, Python, Canva, Tableau]  CERTIFICATIONS (Optional)  + [Course Name], [Platform] — [Year] + [Course Name], [Platform] — [Year]  EXTRA-CURRICULAR ACTIVITIES (Optional)  + Member of [Club/Team/Association] + Participated in [Competition/Event] — [Result if any] + Volunteered at [NGO/Event Name]  © Shine.com. All rights reserved."
samples\employment\employment7.jpg,employment,"Zt  Wade Calhoun  Digital Content Creator  & CONTACT  Q& 804-576-5323 © wade-calhouneemail.com  @ Fichmond, va  @ EDUCATION  2018 - 2022  Bachelor of Arts in Film and Media Studies  University of Richmond + GPA: 3.70  + Multimedia Excellence Award (2022)  + President. University of Richmond Media Club (2020 - 2022)  & LINKS  Linkedin: wade-calhoun Portfolio: wade-calhoun-work.com  YouTube Channel: Wade Creations  PROFESSIONAL SUMMARY  Detail-oriented Digital Content Creator with a passion for producing engaging video content. Experienced in every stage of video Production, from concept development to editing and distribution. Proficient in utilizing social media platforms to maximize audience engagement and drive traffic. Strong ability to collaborate with teams and clients to deliver high-quality content that meets brand objectives.  EXPERIENCE  Digital Content Creator 2022 - Now VideoFocus Productions, Richmond, VA  + Conceptualize and produce high-quality video content for various digital platforms.  + Scriptwriting, filming, and editing videos to align with client and brand specifications.  + Utilize SEO and analytics tools to optimize video content forincreased Visibility and audience engagement.  + Collaborate closely with clients to understand their vision and deliver content that exceeds expectations.  SKILLS  Video production Scriptwriting  Adobe Premier Pro  SEO  Google Analytics  Social Media Marketing *  Content Strategy  = INTERNSHIPS  Video Production Intern 2021-2021 Visionary Media Group, Richmond, VA  + Assisted in all aspects of video production, including shooting, editing, and post-production tasks.  + Conducted research on industry trends and competitor analysis to inform content strategy.  + Managed equipment setup and maintenance during shoots to ensure smooth operations."
samples\employment\employment9.jpg,employment,Y Bla MATTHEW CONNNORS  (© WORK EXPERIENCE  (@ REFERENCES Jana
samples\government\gov1.jpg,government,"KERAJAAN MALAYSIA JABATAN PENDAFTARAN MALAYSIA RESIT RASMI  Diterima daripada LEU JIA SHYONG (IM, 119-Pin.1/10)  No. Kad Pengenalan/ 8700602-14-5063 No. Resit :220072353C  No. Daftar Perniagaan Talkh.  snameniion  Alamat NO 12 JALAN HUKAN EMAS 8 Silas ern TAMAN 0.U.G OFF JALAN No. ENSKL26043 KLANG LAMA  68200 KUALA LUMPUR  Bil Perihal Terimaan Cara No. Rujukan Kod 1 MY-KAD MALAYSIA FPX JPN202206081632350389 71306 Jumlah  Ringgit Malays  SATU RIBU RINGGIT SAHAJA  No Rujukan Transaks -¥PN202206021632350389 abatan : PEJABAT PENDAFTARAN PUTRAJAYA (HQ) Pry ""12200 - PUSAT TERIMAAN ONLINE  Pusat Terimaan : PEJABAT PENDATEARAN PUTRAJAYA (HQ)  In| adalah cotakan Komputer dan tidak peru atandatangan No. Kebonaran: BPKS(8.15)248-11(43)  til  ‘Amaun (RM) RM 1,000.00  RM 1,000.00  EN3PG28043  Notis 1. BAYARAN SATU KALI SAHAJA,  2. SILA HADIR KE CAWANGAN PUTRAJAYA SELEPAS MENDAPAT NOTIFIKAS! EMEL UNTUK PUNGUTAN MY-KAD. PEMOHON BOLEH HADIR KE PEJABAT PUNGUTAN JIKA TIDAK MENERIMA  NOTIFIKAS! EMEL SELEPAS TEMPOH 3 HARI DARIPADA TARIKH MEMOHON.  3. MY-KAD YANG TIDAK DIPUNGUT SELEPAS SEMBILAN PULUH (90) [AKAN DIBATALKAN DAN TIADA  APA-APA BAYARAN BOLEH DITUNTUT DARI KERAJAAN.  4. PEMOHON MEST! HADIR BERSAMA KAD PENGENALAN ASALISURAT BERANAK ASAL, RESIT  BAYARAN SEMASA PENGAMBILAN MYKAD.  5. BAYARAN TIDAK AKAN DIKEMBALIKAN SEKIRANYA MYKAD ANDA MASIH SAH LAKU ATAU TAMAT TEMPOH,  TELAH HILANG/ROSAK.  6. PEJABAT MYKAD - WAKTU PENGAMBILAN MYKAD HANYA PADA HARI BEKERJA IAITU ISNIN HINGGA JUMAAT. (BAG! NEGER! JOHOR, KEDAH.KELANTAN DAN TERENGGANU, PENGAMBILAN MYKAD PADA  HARI AHAD HINGGA KHAMIS)  UTC - WAKTU PENGAMBILAN MYKAD IAITU SETIAP HAR! TERMASUK HUJUNG MINGGU KECUAL! PADA HARI  ‘CUT! KELEPASAN AM,  7. BAYARAN TIDAK AKAN DIKEMBALIKAN SETELAH TRANSAKS! KEMASKINI DILAKUKAN (MENGIKUT TERMA  DAN SYARAT)  * WAKTU PEJABAT Pejabat = 8.00 pg hingga 4.30 ptg ute + Sila rujuk pada portal rasmi Pendaftaran Negara"
samples\government\gov2.jpg,government,LEMBAGA HASIL DALAM NEGERI MALAYSIA P22 [Pin.1/2021] BORANG PEMBERITAHUAN OLEH MAJIKAN BAGI PEKERJA BAHARU [SUBSEKSYEN 83(2) AKTA CUKAI PENDAPATAN 1967] Borang ini ditetapkan di bawah seksyen 152 Akta Cukai Pendapatan 1967 NOTIFICATION FORM BY EMPLOYER FOR NEW EMPLOYEE MALAYSIA [SUBSECTION 83(2) OF THE INCOME TAX ACT 1967] This form is prescribed under section 152 of the Income Tax Act 1967  Borang pemberitahuan ini hendaklah dikemukakan kepada Lembaga Hasil Dalam Negeri Malaysia (LHDNM) dalam tempoh 30 hari dari {tarikh mula penggajian This notification form must be submitted to the Inland Revenue Board of Malaysia (IRBM) within 30 days from the date of commencement of employment  [A. MAKLUMAT MAJIKAN / PARTICULARS OF EMPLOYER  At. Nama majikan / Employer's name |A2. Alamat majikan / Employer's address  }A3. No. majikan / Employer's no. EB  Ad. e-Mel / e-Mail JAS. No. telefon / Telephone no. B._MAKLUMAT PEKERJA BAHARU / PARTICULARS OF NEW EMPLOYEE B1. Nama penuh / Full name (Seperti dokumen pengenaian dir) {As per identification document) B2. No. cukai pendapatan / 83. No. pengenalan/ Income tax no. Identification no. B4._ No. pasport semasa/ IBS. No. pasport didaftar dengan LHDNM / Current passport no. Passport no. registered with IRBM B6. Warganegara / Citizen B7. Jantina / Gender skh ahi B89. Status perkahwinan / 8. Tarkh lair / Date of bith peng B10. No. telefon / Telephone no. B11. e-Mel / email  B12. Alamat kediaman yang terkini / Current residential address B13. Alamat surat-menyurat yang terkini / Curent correspondence address
samples\government\gov3.jpg,government,e-Filing LHDNM  Mudeh Tepat Selamat  PENGESAHAN PENERIMAAN e-BE BAGI TAHUN TAKSIRAN 2017 ACKNOWLEDGEMENT RECEIPT «-BE FOR YEAR OF ASSESSMENT 2017  Nombor Siri  tama  Ho. Cukai Pendapatan  No. Pengenalan  Mentieation to  Jumiah Pendapatan  Pendapatan Bercukai  Chargaie Income  Jumlah Cukai Yang Dikenakan  Teeal Tas Charged  CUKAI KENA DIBAYAR TAHUN TAKSIRAN 2017 YEAR OF ASSESSMENT 2017 TAX PAYABLE  Ansuran/Potongan Cukai Bulanan (PCB) yang telah dibayar untuk pondapatan tahun 2017 - SENDIRI dan SUAMI/ISTERI bagi taksiran bersama  Iazarnanes / Monchly Tax Deducrons Paid for 2017 Income - SELF and HUSEAND / WIRE fer font  BAKI CUKAI TAHUN TAKSIRAN 2017 YEAR OF ASSESSMENT 2017 BALANCE OF TAX PAYABLE.  Pengakuan Dan Ditandatangani Oleh becisracon And Signed By  No. Pengenalan Merofcaten No  Tarikh Dan Masa Dace and Tne  14-Disember-2017 16:18:44:603  Sekatan perjalanan ke luar negara akan dikuatkuasakan sekiranya baki cukai perlu dibayar tidak  diselesaikan dalam tempoh.  ‘Reverictios on trovelleg abroad wil be erorced entens the amount ol tax ts ally pasd within the period.  Terima ka:  kerana menggunakan e-Filing LHDNM. yea fOr wing KHON Pg  Simpan & Cetak Pengesahan —Cetak e-BE Save & Print Acknowledgement  Printe-BE — Keluar
samples\government\gov4.jpg,government,"Demo Company Sdn Bhd KITARAN AKHIR - JANUARI 2079  NO. PEKERJA JEFFOOT JAWATAN Sale Executive NAMA JEFFREY DEMO NO. KWSP 12345677899  NO. KP Pe NO. SOCSO 123456789 BAHAGIAN OFF NO.LHON 123456789 KADAR BASIC 4,800.00 HK ABS AL EO uaT PH mc TOF  HARI BEKERJA 100 1.00 300 100 1.00 100 17  PENDAPATAN POTONGAN,  GAJIASAS ALLOWANCE 500.00 ATTANDANCE PRORATE 50.00 ATTENDANCE ALLOWANCE (XSH) 235.00 DAILY ATTENDANCE 100.00 ENCASHMENT 369.23 MEDICAL FEE 500.00 PERFORMANCE 500.00 PETROL  KWSP PEKERJA 561.00  THT AL 15.00 HARI [ 8.00} TKT HOSP = 0.00 HARI [ 60.00]"
samples\government\gov5.jpg,government,KUMPULAN WANG SIMPANAN PEKERJA a7 NOTIS PILIHAN MENCARUM MELEBIHI KADAR eee BERKANUN (SYER PEKERJA)  D_ MAKLOMAT MAT  hens «Ct L1S808 MEDI Al [S]0)N] [elHoo.  MARLO AML / PERERA  ag Ra Ps fg Dror Fa DITO cee aac monet PLAIN wk men tana 3% me at bear () Sn rt ee Sxeahetye epoca wn ta otras sa  2 tug APs og tromir tah an at cae ee Seen meno LRA waren saya 15% mews act bear) Bag eer 7g SSaadere enn west pa a Rage Aa RSP  rns aun Sat ann mah sun seen natn teen cid SP stingy eth mde ec 217.  i ns <7 a a | Samer Ui HUA 'z  Tersouw |  i |e CHAK Soe
samples\government\gov6.png,government,"KwsP EPF  ‘SULIT DAN PERSENDIRIAN [ANIS AMEERA MOHD FAIZUL  ‘SILA KEMASKINI ALAMAT ANDA  PENYATA AHLI TAHUN 2023  ‘No Abi KWSP 22240486 Tarkh 20023 ‘No Kad Pengenaian (000515090034  ‘No Majxan 022889168  “Nota 1) Dividen Tahun 2023; Divden Belum Disytnarkan  2) Selain cari Akaun 1 dan Akaun 2, rujuk penyata sub-akaun bagi butranterpernc (CARUMAN SEMASA:  “Caruman semasa meryjuk kopade transaksi caruman yang dkreditkan ke akaun afi (Akaun 1 dan Akaun 2) bagi tahun 2023 sahaja  an-23 ‘Coruman - WS ww01/2023 455.00] 385.00 40.00 Fob-23 Caruman - WS. 91022023 455.09] 385.00 40.00 Mac-23 Caruman = WS 1510312023, 455.09] 385.00 40.00 JUMLAH (ROM) 2,520.00 PENGELUARAN:  “Melatkan transaksi pengelvaran pada tahun 2023 bagi Akaun 1 dan Akaun 2.  Trade Transeks  PELARASAN DAN CARUMAN TERTUNGGAK:  “Pelarasan meryukkepeda semua tansaksi yang teribat dalam penyetnggaran Akaun§ dan Akaun 2. “Carumon trtinggok meruix kepada vansoks selsn darpaca carvman semese  = Tada Transeksi  ‘Beg Bertunci No. 220, Jalan Sultan, 46729 Petaling Jaya, Selangor ‘Catakan myEPF ‘Tel: 03-88226000 / ww-kwsp.gov-my Muka Surat 1"
samples\government\gov7.jpg,government,"CONTOH 2-BAYARAN BANTUAN KHAS KEWANGAN 2016  (im $B. 1095) KERAJAAN MALAYSIA  PENYATA PERUBAHAN MENGENAl PENDAPATAN SESEORANG PEGAWAI  ‘Akauntan Negara Bendahari Negeri (Nama Sekolat Akauntan Perbendaharaan  Pembantu Kewal  Ketua Pengarah Perkhidmatan Awam, Malaysia (UP. Pusat Rekod Kakitangan Kerajaan)  Perubahan berikut telah diluluskan, Sila bayar pegawal yang berkenaan seperti berikut:  Nama Pegawal 300000000000000000% _(KUP: 300000%-30-2000)  Jawatan: Nombor Gai Berkomputer ""e000 ‘ati Bur Perubahan Tai [_ Gay Buanan castan eae Dibayar Bantuan Khas Kewangan (BKK) bagi Tahun 2016 sebanyak TPG: JPNUIFP: RM500.00 kepada. Pegawai BKK Perkhidmatan Awam Persekutuan yang | 13.06.2016 masin berkhidmat pada 8 Jun 2016 RIN500.00 JPASARAAN tertakluk kepada syarat telah 223/5/4-3 berkhidmat  sekurang-kurangnya 30 Jid. 3 (10) hari berturut-urut termasuk semua jenis Bertarikh cuti bergaji penuh dan cuti separuh gaji (Pegawai telah | 03.06.2016 seta Hari Rehat Mingguan, Hari bersara wajb Kelepasan Mingguan dan Hari pada 5 Mai Kelepasan Am dalam tempoh 1 Januari 2016) 2016 hingga 8 Jun 2016 mengikut Pekeliing Perkhidmatan Bilangan 4 Tahun 2016 Tati “Tandatangan Ketua Jabatan Cop Rasmi Jabatan 1. Semua patubahan mengenai _pendapatan seseorang pegawai hendaklah dinyatskan dalam borang ini Perubahan- erubanan yang beiatan adalah sepert Berkut PANDUAN dawotan at Etoun-£ioun Perlatkan baru Gawatan tap) Separuh gah Semuajenés aun Pengesahan dalam javatan Tanpa gb dimastakan kedalam petjanatan berpencen Cutlsakitsepatuh gai Memanc sau tanpa ooh Nelangoahsekatankecekapan KK dibayar oleh Jabatan Pertucaran Bersara Perkhidmatan Awam Pinjamanipertutatan sementara Santing kes Liaan kin ou 13.06.2016 — RM250.00 Buang Kens Wale jnatan Kenakan ga tshan Perlantkan semula  Perlantkan sementaralcontia ‘Tamat peschidmatan sementaratkontrak  2. ‘Satu salinan penyata ini hendaklah dinantar kepada PUSAT SUMBER MAKLUMAT. BAHAGIAN KHIDMAT PENGURUSAN, JASATAN PERKHIDMATAN AWAM MALAYSIA dengan mengisi buti-butt besenaan dalam borang PRJPA 2 (Pin. 108) deebelah penyata in. Gadan-badan Beskanun/Penguasa Tempatan yang tsk menggunakan Laporan Penyata Petubahan (Kew) unt membensikan sebarang_ pembayaran hanya dkehendaki menghantar satu sain Laporan Penysta Perubahan PRPA2 (Pin. 188) ke Pengutusan, Jabatan Peihidmatan Awam dan tidak perlu menghantar kepada Akauntan"
samples\government\gov8.jpg,government,
samples\government\gov9.jpg,government,"ate MINISTRY OF FOREIGN  AFFAIRS WISMA PUTRA Telephone : +6 03 8000 8000  NO. 1, JALAN WISMA PUTRA — Telephone : +6 03 8887 4458 / 4159/4100 / PRESINT 2 4275  62602 PUTRAJAYA Email : skb_admin@kin.gov.ny  COLLECTION SLIP FOR CERTIFICATE OF GOOD CONDUCT  Transaction Code 3k 612024 SD Full Name BBs Identity Card Number  Passport Number 595000 Date of Application :21 OCTOBER 2024  Your Cerificate of Good Conduct is now ready for collection. Please update your preferred method for certificate: ‘collection and payment method in the e-Konsular system. A fee of RM20 will be charged per certificate.  Collection al the Ministry of Foreign Affairs office in Putraiaya, Please ensure online payment is made via e-Konsular_before walk-in to our Consular Services Counter. ‘Operating hours are as follows: ‘Monday-Thursday: 8:00am to 4:00pm Friday: 9:00am to 12:00pm | 2:45pm to 4:00pm “Friday Prayers break Please bring (i) a printed Collection Slip (i) a printed online payment receipt and (i) MyKad/Passport during ‘collection at our counter. Ifa representative is collecting the certificate on your behalf, iv) a signed Letter of Authorisation ts also required.  Effective 1 September 2023, cash payment willno longer be accepted for Certificate of Good Conduct collection.  Toreceive the Certificate via postal service in Malaysia, please refer to theGuidelines on CGC on our website. Please contact our office in Sabah’ Sarawak directly.  ‘Sabah Regional Office Ministry of Foreign Affairs, Kota Kinabalu Tel: +6088 - 488 466 Fax : +6088 - 488 518 E-mail : pwsabah@kin.goviny  Sarawak Regional Otfce Ministry of Foreign Affairs, Kuching Tel: 16082 - 236 146 Fax : +6082 - 236 983 E-mail: pusarawak@Win.goumy  Please contact our Malaysian Embassies / High Commissions / Consulates General directly for the collection procedure. Contact information can be found in the following fink: hitps:/waww.kin.gov.my/web questimalaysian- mission  For more information, please refer to the Guidelines on CGC and FAQs on our website atwewzkin gov my. Thank you.  Ministry of Foreign Affairs, Malaysia"
samples\identification\identify1.jpg,identification,"KERAJAAN MALAYSIA SUIL KELAHIRAN Akta Pendattaran Kelahiran dan Kematian 1957 [Seksyen14 ; Kaedah 7]  Kawasan Pendaftaran Pusat Pendaftaran SHAH ALAM JPN NEGERI SELANGOR  KANAK-KANAK  Tarikh dan Waktu Kelahiran Jantina 10 hb Nov 2017 01:52 PTG PEREMPUAN Tempat Kelahiran  HOSPITAL SHAH ALAM  Nama MICHAEL LEE  No. Kad Pengenalan Umur Jenis dan No. Dokumen Lain 920303-10-1117 TIDAK BERKENAAN Taraf Penduduk Keturunan Agama WARGANEGARA CINA CHRISTIAN BU  JANE TAN  No. Kad Pengenalan Jenis dan No. Dokumen Lain 9405 22-10-3234 TIDAK BERKENAAN  Taraf Penduduk Keturunan Agama WARGANEGARA CHRISTIAN  Tempat Tinggal  DKayangan Residential Area, Jalan Kayangan 8/4, D'Kayangan, Seksyen 13, 40100 Shah Alam, Selangor, Malaysia.  No. Daftar . AK7865 Disahkan bahawa maklumat si atas adalah seperti Tarikh Pendaftaran : 18 hb Nov 2017 yang dicatat dalam Daftar Kelahiran  Suiygane  Pendaftar Kelahiran Dan Kematian JPN NEGERI SELAGOR"
samples\identification\identify2.jpg,identification,"KERAJAAN MALAYSIA,  GOVERNMENT OF MALAYSIA SIJIL KELAHIRAN JPN BIRTH CERTIFICATE  Kaedahaedah Pendattaran Kelahiran dan Kematian 1958 (Kaedah 7)  Birth and death Registration Rule 1958 (Rule 7)  Kawasan Pen daftaran Registrotion Area MALAYSIA BARAT  Pusat Pendaftaran  Registration Centre JPN DAERAH RENGIT  Nama Penuh Full nome  KANAK-KANAK / CHILD  MUHAMMAD ASLAM BIN AHMAD  Tarikh Dan Waktu Kelahiran Dote ond Time of Birth 15 HB MEI 2000 07:00 PTG  Keturunan Roce  MELAYU. Taraf Kewargan egaraan Stote of Citizenship  WARGANEGARA  Jantina  Tempat Kelahiran  Place of birth HOSPITAL BATU PAHAT  Agama Religion ISLAM  Gender LELAKI  BAPA/FATHER  Nama Nome AHMAD BINKORDI  No. Kad Pengenalan identity Cord No. _590128-01-5555  Jenis dan No. Dokumen Lain  Type ond No of OtherOocument __TIADA  Taraf Kewargan egaraan State of Citizenship Taraf Pemastautin  State of Residence _ JOHOR  WARGANEGARA  Keturunan Roce MELAYU IBU/M OTHER  Agama  Religion __ ISLAM.  Nama Nome SELAMAH BINTI SALEH  No Kad Pengenalan Identity Card No. 611121-01-5640  Jenis dan No, Dokumen Lain  Tye ond No. of Other Document TIADA  Taraf Kewargan egaraan State of Citizenship WARGANEGARA Taraf Pematautin  State of Residence JOHOR  Keturunan Race MELAYU PEMAKLUM  Agama Religion  ISLAM  Nama _ IKHMALFENDY BIN KHALEED  Name  No. Kad Pengenalan Identity Card No. 870531-10-2121 No. Siri  Siri No. K48284 Tarikh Pendaftaran Dote of Registrotion  17 HB MEI 2000  Jenis dan No. Dokumen Lain Type and No. of Other Document MAKLUMAT TIDAK BERKENAAN Disahkan bahawa maklumat di atas adalah seperti yang dicatat dalam Daftar Kelahiran Certified os true extract from the Register of Birth"
samples\identification\identify3.jpg,identification,Piper sane / pe Ko egack/County Code. Psp /Psaprt Pe uys: - ar ama Nome s MAHATHIR BIN IDRUS Lg  \warganegar/ Nanay nes det Ne MALAYSIA ‘ga0z16146007  “ah Laie te of Bete “Tampa ahi / Pace of rah  16 FEB 1993 KUALA  Janine /Sex “Tigo  Law 174 .em  “arth Dikeluarkan / Date of sve Tait Tamat/ Date of Epiry ° ‘34 AUG 2017 34 AUG 2024 ~ ete eng / being Oe  KUALA LUMPUR  P<MY SMAHATHIR<BINK<IDRUS<<<<<<<<<KKK KKK KK KKK K ADOOODOOOOMY S9302165M2408312930216146007<<72
samples\identification\identify4.jpg,identification,P MYS Mok tl) DIYANA Ea) ll ~HARIS MALAYSIA : 821222™ 22 DEC 1982 PULAU P P-F 152 cm 19 JAN 2015 19 JAN 2 KUALA LUMPUR LL. P<MYSDIYANA< < ARIS<<<<<  A345383132MYS824 821222
samples\identification\identify5.jpg,identification,
samples\identification\identify6.jpg,identification,"£9>1/ Gis  Me aint 768514 >  t] BORANG A NEGERE TANAH MBLAYU PERAKUAN BERANAK (Salinan untok Orang yang ts:emberitahu) Ordinance Pendaftaran Beranak ‘an Mat: 1957 , [Sekshen 14; Atoran, ks MO:  Kawasan Pendaftaran:  hein Foe fc Nama Kanak? See 7. LYA | See)  i ee Tarikh dan Nae di- ‘lahirkqn Sid Sauk ey BPG BARE  Sein 4/98 7 | ombor Kad Pengenalan Baya Sil a Ak ICY SOR. 6793277 bees  Lain? Jenis Pengenalan Bapa  Beker iah Bapa NOR 7S Leaf ON Bangsa Bapa VO  Mame 180 ST STAY oh, pen  toma Kad re Ibu Py Warna  BY O9927F> Lair? = peace nalan Done)  ae palsy ne Lore ¥ rk SH }  cere 3. POAY, SKS  Di-perakui sa-bagai chabuta > a one benar “ari chatitan dalam Daftar Beranak  Hi ihar “¥sabeleh) |"
samples\identification\identify7.jpg,identification,
samples\identification\identify8.jpg,identification,"HOLNOD  “3  0100115 S&H#@GC45, GANTUNG DE WEE 32 FE 86 PUTRAJAYA 8888 WG  ¢  Ketua Pengarah Pengangkutan Jalan  NIK NOR FAUZIAH BINTI ISMAIL Warganegara / Nationality No. Pengenalan / Identity No. MALAYSIA i | |  Kelas /Class  B2D  Tempoh / Validity  19/08/2023 - 19/08/2025  Alamat / Address  L >  i mee  =  4  SEZ!  KELAS LESEN MEMANDU Driving Licence Classes  A BIM < 450 KG G+ ifm E BTM > 7500 KG Al BTM <3500KG &+@™ E1 BTM < 7500KG B >500SP 3m «E2. BTM < 5000 KG B1 <500SP meh FBIM < 5000 KG B2 < 250 SP @y G BIM<5000KG C Motosikal Tiga Roda” jf, 1 BTM > 5000 KG D. BIM<3500KG afm I BIM > 5000 KG DA BTM < 3500 KG - aga =M Mahkamah  CONTOH"
samples\property\property1.jpg,property,"Kanan Tanah Negara Borang 11BK  dual Keempat Blas)  HAKMILIK SEMENTARA  BERSAMAAN DENGAN HAKMILIK PEJABAT TANAH  No. HSM): 807% Cukai Tahunan : RM49.00  Negeri + Selangor  Daerah © Sepang Bandar/Pekan/Mulkim »y Mukim Labo  Tempat GICHING  No. PT Pres  Luas Sementara + 378 Méfer Persegi Kategori Penggunain Tanah : Bangunan  No. Lembaran Piawai 2 1A  No. Permohonan Ukur : J.T BERLESEN C31:  No. Fail ‘TANAH SIMPANAN MELAYU  Dalam kawasan LABU No. Pemberitahuan Warta 1820-16  Geran untuk selama-lamanya. Didaftarkan pada $ April 2018  TM...  Pendaftar  Dokurmen hakmitik keluaran dikeluarkan pada $ April 2018  TM... enti  Pendaftar  Pelan lakar/pelan tanah, bagi maksud pengenalan, adalah pada Borang B2, oe . SYARAT S¥ANAT MENGENAL AR NILIK: SEMENTARA  ‘Halk inj ada tertaklukKepadaperunukan-peruntukan Kanun Tanah Negara dan kepada syara-syarat nyata an sekatan-sekatan bert: i"
samples\property\property2.jpg,property,
samples\property\property3.jpg,property,"a ‘orang sbi ee  GERAN MUKIM(3) JENIS HAKMILIK  a 3) NO HARMILK [aaa = Ss  = cae  eee Bre ay wou ae ape,  fOr ala  { { i"
samples\property\property4.jpg,property,"(09/07 2012 09:40 FAX Boos  e-""  Koma Toh Near Borang 114K (teat Keen Be) HAKMILIK SEMENTARA BERSAMAAN DENGAN HAKMILIK PEJABAT PENDAFTARAN, No. HS.) : (Cukai Tahunan : RM45.00 Neges Selangor Daerab +: Ue Langat Bandae/PekavMokien Bandar Baru Bangi No. FT PT Selayen Luss Sementra 2 121 Meter Persegt z ‘Kategori Peagguan Tanah + Bangonan : No, Lembaran Pinwal 2 OB ‘No, Permobonan Ukr : No. Fal + PIDUL,  Pajakan slams tempoh 99 tahun berakhir poda23 Januari 2104.  Didafarian pads 24 Januari 2005  Plan akar/pelan tans, bagi maksod pengenalan, adalah depiian pasa Borg B2. SYARAT-SYARAT KHAS MENGENAI HAKMILIK SEMENTARA, 1, alii nada teal Kepada peruotdkanperuntkas Kanu Tana Negara dan kepada syart-syarat nya, dn sekatansekatan beri | SYARAT-SYARAT NYATA Bongunan Kediamaa SEKATAN-SEKATAN KEPENTINGAN ‘Tanah yang dibert malik it tidak bole dpindah mk,  pala sau digadal metainkxa dengan kebenaran Piha ‘Berkuasa Negeri,"
samples\property\property5.jpg,property,"GERAN MUKiM,  “SYARAT-SYARAT NYATA  _SEKATAN-SEKATAN KEPENTINGAN  igs nin sot anon gn"
samples\property\property6.jpg,property,JABATAN PENGANGKUTAN JALAN  Buatan/Nama Model Keupayaan Enjin  Bahan Bakar  Status Asal  Kelas Kegunaan  denis Badan/Tahun Dibuat Tarikh Pendaftaran  B.D. M/B. G. K/BTM  Syarat Pendaftaran 1  Syarat Pendaftaran 2  Syarat Pendaftaran 3  : PERODUA / MYVI  : 1298  + PETROL  : PEMASANGAN TEMPATAN  : PERSENDIRIAN-MOTOKAR INDIVIDU : MOTOKAR /
samples\property\property7.jpg,property,
samples\property\property8.jpg,property,"SIJIL PEMILIKAN KENDERAAN ""  JABATAN PENGANGKUTAN JALAN GaavoiKF  4 “No. Pendaftaran : GT!  No. 1D, Mona Pemunys Berdafter > FARINATUL ARAL BINTI ANWAD REFNGAH  Keupayasn Enjin Behan Baker E  Status Asal PEMASANGAM  TEAPATAN Kelae Kerunasn  Jonis Badan/Tahun Dibuet  Tarikh Pendaftaren  0.W/8.0.K/8TH  jyarat Pendafteren 1  Syarat Pendaftersn 2"
samples\property\property9.jpg,property,"HAKMILIK SEMENTARA BERSAMAAN DENGAN HAKMILIK PEJABAT TANAH  Negeri + Selangor Daerah © Sepang Bandar/Pekan/Mukim EB Labu ‘No, PT + Luas Sementara + 378 Miler Persegi Kategori + Bangunan No. Lembaran Piawai + A No. Permobonan Ukur : J.T BERLESEN C31: No, Fail + PTS/O2/1S03/05 (ST) TANAH SIMPANAN MELAYU-  z Dalam kawasan LABU  No, Pemberitabuan Warta 1820-16"
